observationName,nextAttend,currentAttend,currentW,priorW,%capacity,payrollM,stadiumCap,stadiumAge,yearsInCity,playoffs,playoffsBin,proTeams,allstars,hrs,pop15,pop30,pop45,pop60,households15,households30,households45,households60,medInc15,medInc30,medInc45,medInc60
atlanta braves_2014,2001.392,2354.305,79,96,0.586,108.0815,49586,18,49,no_playoff,no,3,3,123,349174,1393225,2633375,3867594,144285,557438,1006695,1433392,45081,51345,57435,61294
atlanta braves_2013,2354.305,2548.679,96,94,0.635,95.61875,49586,17,48,lds,yes,3,3,181,349174,1393225,2633375,3867594,144285,557438,1006695,1433392,45081,51345,57435,61294
atlanta braves_2012,2548.679,2420.171,94,89,0.603,86.208,49586,16,47,lds,yes,3,4,149,349174,1393225,2633375,3867594,144285,557438,1006695,1433392,45081,51345,57435,61294
atlanta braves_2011,2420.171,2372.94,89,91,0.589,93.85513,49743,15,46,no_playoff,no,3,5,173,349174,1393225,2633375,3867594,144285,557438,1006695,1433392,45081,51345,57435,61294
atlanta braves_2010,2372.94,2510.119,91,86,0.623,84.42367,49743,14,45,lds,yes,3,5,139,349174,1393225,2633375,3867594,144285,557438,1006695,1433392,45081,51345,57435,61294
atlanta braves_2009,2510.119,2373.631,86,72,0.589,99.59317,49743,13,44,no_playoff,no,3,1,149,349174,1393225,2633375,3867594,144285,557438,1006695,1433392,45081,51345,57435,61294
atlanta braves_2008,2373.631,2532.834,72,84,0.629,102.36568,49743,12,43,no_playoff,no,3,2,130,349174,1393225,2633375,3867594,144285,557438,1006695,1433392,45081,51345,57435,61294
atlanta braves_2007,2532.834,2745.207,84,79,0.677,87.29083,50091,11,42,no_playoff,no,3,2,176,349174,1393225,2633375,3867594,144285,557438,1006695,1433392,45081,51345,57435,61294
atlanta braves_2006,2745.207,2550.524,79,71,0.629,90.15688,50096,10,41,no_playoff,no,3,3,222,349174,1393225,2633375,3867594,144285,557438,1006695,1433392,45081,51345,57435,61294
miami marlins_2014,1752.235,1732.283,77,62,0.571,42.3654,37442,3,22,no_playoff,no,4,2,122,592567,1916620,3057321,3958065,219010,651888,1050354,1386505,41533,48087,51174,51828
miami marlins_2013,1732.283,1586.322,62,69,0.523,24.7619,37442,2,21,no_playoff,no,4,1,95,592567,1916620,3057321,3958065,219010,651888,1050354,1386505,41533,48087,51174,51828
miami marlins_2012,1586.322,2219.444,69,72,0.732,107.678,37442,1,20,no_playoff,no,4,1,137,592567,1916620,3057321,3958065,219010,651888,1050354,1386505,41533,48087,51174,51828
florida marlins_2011,2219.444,1520.562,72,80,0.487,57.694,38560,25,19,no_playoff,no,4,1,117,592567,1916620,3057321,3958065,219010,651888,1050354,1386505,41533,48087,51174,51828
florida marlins_2010,1520.562,1524.894,80,87,0.488,57.45472,38560,24,18,no_playoff,no,4,2,120,592567,1916620,3057321,3958065,219010,651888,1050354,1386505,41533,48087,51174,51828
florida marlins_2009,1524.894,1464.109,87,84,0.469,40.029,38560,23,17,no_playoff,no,4,2,145,592567,1916620,3057321,3958065,219010,651888,1050354,1386505,41533,48087,51174,51828
florida marlins_2008,1464.109,1335.076,84,71,0.427,21.8115,38560,22,16,no_playoff,no,4,2,137,592567,1916620,3057321,3958065,219010,651888,1050354,1386505,41533,48087,51174,51828
florida marlins_2007,1335.076,1370.511,71,78,0.466,30.507,36331,21,15,no_playoff,no,4,1,129,592567,1916620,3057321,3958065,219010,651888,1050354,1386505,41533,48087,51174,51828
florida marlins_2006,1370.511,1164.134,78,90,0.396,14.6715,36331,20,14,no_playoff,no,4,2,153,592567,1916620,3057321,3958065,219010,651888,1050354,1386505,41533,48087,51174,51828
new york mets_2014,2569.753,2148.808,79,74,0.633,82.66362,41922,6,53,no_playoff,no,11,1,125,2379902,8610868,12331704,14684171,852936,3238724,4534773,5340362,56337,62439,65105,69458
new york mets_2013,2148.808,2135.657,74,74,0.629,69.42586,41922,5,52,no_playoff,no,11,2,130,2379902,8610868,12331704,14684171,852936,3238724,4534773,5340362,56337,62439,65105,69458
new york mets_2012,2135.657,2242.803,74,77,0.66,91.62142,41922,4,51,no_playoff,no,11,2,139,2379902,8610868,12331704,14684171,852936,3238724,4534773,5340362,56337,62439,65105,69458
new york mets_2011,2242.803,2352.596,77,79,0.695,151.89731,41800,3,50,no_playoff,no,11,2,108,2379902,8610868,12331704,14684171,852936,3238724,4534773,5340362,56337,62439,65105,69458
new york mets_2010,2352.596,2559.738,79,70,0.756,134.42294,41800,2,49,no_playoff,no,11,2,128,2379902,8610868,12331704,14684171,852936,3238724,4534773,5340362,56337,62439,65105,69458
new york mets_2009,2559.738,3168.571,70,89,0.936,151.99424,41800,1,48,no_playoff,no,11,2,95,2379902,8610868,12331704,14684171,852936,3238724,4534773,5340362,56337,62439,65105,69458
new york mets_2008,3168.571,4042.045,89,88,0.87,137.79338,57333,45,47,no_playoff,no,11,2,172,2379902,8610868,12331704,14684171,852936,3238724,4534773,5340362,56337,62439,65105,69458
new york mets_2007,4042.045,3853.955,88,97,0.83,116.18166,57333,44,46,no_playoff,no,11,3,177,2379902,8610868,12331704,14684171,852936,3238724,4534773,5340362,56337,62439,65105,69458
new york mets_2006,3853.955,3379.535,97,63,0.728,101.58496,57333,43,45,lcs,yes,11,5,200,2379902,8610868,12331704,14684171,852936,3238724,4534773,5340362,56337,62439,65105,69458
philadelphia phillies_2014,1831.08,2423.852,73,73,0.686,176.44497,43651,11,132,no_playoff,no,5,1,125,626120,2486214,3857654,5102564,249560,940201,1456180,1916014,44295,55809,62528,65990
philadelphia phillies_2013,2423.852,3012.403,73,81,0.852,150.86,43651,10,131,no_playoff,no,5,2,140,626120,2486214,3857654,5102564,249560,940201,1456180,1916014,44295,55809,62528,65990
philadelphia phillies_2012,3012.403,3565.718,81,102,1.008,171.50156,43651,9,130,no_playoff,no,5,3,158,626120,2486214,3857654,5102564,249560,940201,1456180,1916014,44295,55809,62528,65990
philadelphia phillies_2011,3565.718,3680.718,102,97,1.041,172.97638,43651,8,129,lds,yes,5,5,153,626120,2486214,3857654,5102564,249560,940201,1456180,1916014,44295,55809,62528,65990
philadelphia phillies_2010,3680.718,3777.322,97,93,1.068,141.92838,43647,7,128,lcs,yes,5,3,166,626120,2486214,3857654,5102564,249560,940201,1456180,1916014,44295,55809,62528,65990
philadelphia phillies_2009,3777.322,3600.693,93,92,1.018,115.47905,43647,6,127,ws,yes,5,5,224,626120,2486214,3857654,5102564,249560,940201,1456180,1916014,44295,55809,62528,65990
philadelphia phillies_2008,3600.693,3422.583,92,89,0.968,97.87988,43647,5,126,ws,yes,5,2,214,626120,2486214,3857654,5102564,249560,940201,1456180,1916014,44295,55809,62528,65990
philadelphia phillies_2007,3422.583,3108.325,89,85,0.879,89.42821,43647,4,125,lds,yes,5,3,213,626120,2486214,3857654,5102564,249560,940201,1456180,1916014,44295,55809,62528,65990
philadelphia phillies_2006,3108.325,2701.815,85,83,0.77,88.27333,43308,3,124,no_playoff,no,5,3,216,626120,2486214,3857654,5102564,249560,940201,1456180,1916014,44295,55809,62528,65990
washington nationals_2014,2619.843,2579.389,96,86,0.76,137.23508,41888,7,10,no_playoff,no,5,2,152,691681,2130515,3543973,5133195,310761,857852,1368339,1935161,78935,90308,95777,94637
washington nationals_2013,2579.389,2652.422,86,98,0.782,112.49325,41888,6,9,no_playoff,no,5,2,161,691681,2130515,3543973,5133195,310761,857852,1368339,1935161,78935,90308,95777,94637
washington nationals_2012,2652.422,2370.794,98,80,0.699,92.386,41888,5,8,lds,yes,5,4,194,691681,2130515,3543973,5133195,310761,857852,1368339,1935161,78935,90308,95777,94637
washington nationals_2011,2370.794,1940.478,80,69,0.572,68.49293,41888,4,7,no_playoff,no,5,1,154,691681,2130515,3543973,5133195,310761,857852,1368339,1935161,78935,90308,95777,94637
washington nationals_2010,1940.478,1828.066,69,59,0.539,67.701,41888,3,6,no_playoff,no,5,1,149,691681,2130515,3543973,5133195,310761,857852,1368339,1935161,78935,90308,95777,94637
washington nationals_2009,1828.066,1817.226,59,59,0.536,64.384,41888,2,5,no_playoff,no,5,1,156,691681,2130515,3543973,5133195,310761,857852,1368339,1935161,78935,90308,95777,94637
washington nationals_2008,1817.226,2320.4,59,73,0.684,54.961,41888,1,4,no_playoff,no,5,1,117,691681,2130515,3543973,5133195,310761,857852,1368339,1935161,78935,90308,95777,94637
washington nationals_2007,2320.4,1943.812,73,71,0.526,36.9475,45596,47,3,no_playoff,no,5,1,123,691681,2130515,3543973,5133195,310761,857852,1368339,1935161,78935,90308,95777,94637
washington nationals_2006,1943.812,2153.056,71,97,0.583,63.143,45596,46,2,no_playoff,no,5,1,164,691681,2130515,3543973,5133195,310761,857852,1368339,1935161,78935,90308,95777,94637
chicago cubs_2014,2959.812,2652.113,73,66,0.797,59.8005,41072,101,139,no_playoff,no,6,3,157,981729,2799227,4506629,6231665,450876,1076934,1682673,2313848,64378,53415,58919,61712
chicago cubs_2013,2652.113,2642.682,66,61,0.795,67.87417,41019,100,138,no_playoff,no,6,1,172,981729,2799227,4506629,6231665,450876,1076934,1682673,2313848,64378,53415,58919,61712
chicago cubs_2012,2642.682,2882.756,61,71,0.868,86.15937,41009,99,137,no_playoff,no,6,2,137,981729,2799227,4506629,6231665,450876,1076934,1682673,2313848,64378,53415,58919,61712
chicago cubs_2011,2882.756,3017.966,71,75,0.905,136.54733,41159,98,136,no_playoff,no,6,1,148,981729,2799227,4506629,6231665,450876,1076934,1682673,2313848,64378,53415,58919,61712
chicago cubs_2010,3017.966,3062.973,75,83,0.918,146.609,41210,97,135,no_playoff,no,6,1,149,981729,2799227,4506629,6231665,450876,1076934,1682673,2313848,64378,53415,58919,61712
chicago cubs_2009,3062.973,3168.859,83,97,0.949,139.652,41210,96,134,no_playoff,no,6,1,161,981729,2799227,4506629,6231665,450876,1076934,1682673,2313848,64378,53415,58919,61712
chicago cubs_2008,3168.859,3300.2,97,85,0.99,120.34583,41160,95,133,lds,yes,6,8,184,981729,2799227,4506629,6231665,450876,1076934,1682673,2313848,64378,53415,58919,61712
chicago cubs_2007,3300.2,3252.462,85,66,0.976,101.67033,41160,94,132,lds,yes,6,2,151,981729,2799227,4506629,6231665,450876,1076934,1682673,2313848,64378,53415,58919,61712
chicago cubs_2006,3252.462,3123.215,66,64,0.938,94.4245,41118,93,131,no_playoff,no,6,1,166,981729,2799227,4506629,6231665,450876,1076934,1682673,2313848,64378,53415,58919,61712
cincinnati reds_2014,2419.506,2476.664,76,90,0.723,102.23,42319,12,134,no_playoff,no,2,5,131,313730,932719,1450095,1798916,131943,383159,573419,698626,40593,51936,55944,54819
cincinnati reds_2013,2476.664,2492.101,90,97,0.727,106.25554,42319,11,133,lds,yes,2,3,155,313730,932719,1450095,1798916,131943,383159,573419,698626,40593,51936,55944,54819
cincinnati reds_2012,2492.101,2347.251,97,79,0.685,80.3095,42319,10,132,lds,yes,2,3,172,313730,932719,1450095,1798916,131943,383159,573419,698626,40593,51936,55944,54819
cincinnati reds_2011,2347.251,2213.588,79,91,0.646,77.29713,42319,9,131,no_playoff,no,2,4,183,313730,932719,1450095,1798916,131943,383159,573419,698626,40593,51936,55944,54819
cincinnati reds_2010,2213.588,2060.55,91,78,0.601,75.32154,42319,8,130,lds,yes,2,4,188,313730,932719,1450095,1798916,131943,383159,573419,698626,40593,51936,55944,54819
cincinnati reds_2009,2060.55,1747.919,78,74,0.51,78.979,42319,7,129,no_playoff,no,2,1,158,313730,932719,1450095,1798916,131943,383159,573419,698626,40593,51936,55944,54819
cincinnati reds_2008,1747.919,2058.632,74,72,0.601,74.1677,42319,6,128,no_playoff,no,2,1,187,313730,932719,1450095,1798916,131943,383159,573419,698626,40593,51936,55944,54819
cincinnati reds_2007,2058.632,2058.593,72,80,0.601,68.52498,42271,5,127,no_playoff,no,2,1,204,313730,932719,1450095,1798916,131943,383159,573419,698626,40593,51936,55944,54819
cincinnati reds_2006,2058.593,2134.607,80,68,0.623,60.90952,42271,4,126,no_playoff,no,2,1,217,313730,932719,1450095,1798916,131943,383159,573419,698626,40593,51936,55944,54819
milwaukee brewers_2014,2542.558,2797.384,82,74,0.824,109.567,41900,14,46,no_playoff,no,2,4,150,594260,1133918,1376058,1678338,239749,456513,549705,665944,42045,50821,53892,54425
milwaukee brewers_2013,2797.384,2531.105,74,83,0.746,86.945,41900,13,45,no_playoff,no,2,2,157,594260,1133918,1376058,1678338,239749,456513,549705,665944,42045,50821,53892,54425
milwaukee brewers_2012,2531.105,2831.385,83,96,0.834,95.717,41900,12,44,no_playoff,no,2,1,202,594260,1133918,1376058,1678338,239749,456513,549705,665944,42045,50821,53892,54425
milwaukee brewers_2011,2831.385,3071.373,96,77,0.905,86.63633,41900,11,43,lcs,yes,2,3,185,594260,1133918,1376058,1678338,239749,456513,549705,665944,42045,50821,53892,54425
milwaukee brewers_2010,3071.373,2776.531,77,80,0.818,81.10828,41900,10,42,no_playoff,no,2,3,182,594260,1133918,1376058,1678338,239749,456513,549705,665944,42045,50821,53892,54425
milwaukee brewers_2009,2776.531,3037.451,80,90,0.895,81.3845,41900,9,41,no_playoff,no,2,3,182,594260,1133918,1376058,1678338,239749,456513,549705,665944,42045,50821,53892,54425
milwaukee brewers_2008,3037.451,3068.458,90,83,0.904,80.9375,41900,8,40,lds,yes,2,3,198,594260,1133918,1376058,1678338,239749,456513,549705,665944,42045,50821,53892,54425
milwaukee brewers_2007,3068.458,2869.144,83,75,0.845,70.9865,41900,7,39,no_playoff,no,2,4,231,594260,1133918,1376058,1678338,239749,456513,549705,665944,42045,50821,53892,54425
milwaukee brewers_2006,2869.144,2335.643,75,98,0.688,57.97033,41900,6,38,no_playoff,no,2,3,180,594260,1133918,1376058,1678338,239749,456513,549705,665944,42045,50821,53892,54425
pittsburgh pirates_2014,2498.596,2442.564,88,94,0.786,80.729,38362,14,133,lds,yes,3,3,156,426407,966374,1453132,1819139,189260,420683,620201,770666,46540,52930,53523,52404
pittsburgh pirates_2013,2442.564,2256.862,94,79,0.726,96.205,38362,13,132,lds,yes,3,4,161,426407,966374,1453132,1819139,189260,420683,620201,770666,46540,52930,53523,52404
pittsburgh pirates_2012,2256.862,2091.918,79,72,0.673,70.077,38362,12,131,no_playoff,no,3,2,170,426407,966374,1453132,1819139,189260,420683,620201,770666,46540,52930,53523,52404
pittsburgh pirates_2011,2091.918,1940.429,72,57,0.624,45.047,38362,11,130,no_playoff,no,3,3,107,426407,966374,1453132,1819139,189260,420683,620201,770666,46540,52930,53523,52404
pittsburgh pirates_2010,1940.429,1613.399,57,62,0.519,37.443,38362,10,129,no_playoff,no,3,1,126,426407,966374,1453132,1819139,189260,420683,620201,770666,46540,52930,53523,52404
pittsburgh pirates_2009,1613.399,1577.853,62,67,0.508,51.9125,38362,9,128,no_playoff,no,3,2,125,426407,966374,1453132,1819139,189260,420683,620201,770666,46540,52930,53523,52404
pittsburgh pirates_2008,1577.853,1609.076,67,68,0.518,48.68978,38362,8,127,no_playoff,no,3,1,153,426407,966374,1453132,1819139,189260,420683,620201,770666,46540,52930,53523,52404
pittsburgh pirates_2007,1609.076,1749.142,68,67,0.561,38.53783,38496,7,126,no_playoff,no,3,1,148,426407,966374,1453132,1819139,189260,420683,620201,770666,46540,52930,53523,52404
pittsburgh pirates_2006,1749.142,1861.549,67,100,0.597,46.71775,38496,6,125,no_playoff,no,3,2,141,426407,966374,1453132,1819139,189260,420683,620201,770666,46540,52930,53523,52404
st. louis cardinals_2014,3520.889,3540.649,90,97,0.994,129.9325,43975,9,133,lcs,yes,3,4,105,349331,1149847,1874336,2288609,151011,481293,763531,915821,37463,50034,55660,56823
st. louis cardinals_2013,3540.649,3369.769,97,88,0.946,112.583,43975,8,132,ws,yes,3,6,125,349331,1149847,1874336,2288609,151011,481293,763531,915821,37463,50034,55660,56823
st. louis cardinals_2012,3369.769,3262.109,88,90,0.916,112.071,43975,7,131,lcs,yes,3,6,159,349331,1149847,1874336,2288609,151011,481293,763531,915821,37463,50034,55660,56823
st. louis cardinals_2011,3262.109,3093.954,90,86,0.869,105.43357,43975,6,130,ws,yes,3,3,162,349331,1149847,1874336,2288609,151011,481293,763531,915821,37463,50034,55660,56823
st. louis cardinals_2010,3093.954,3301.218,86,91,0.927,93.54075,43975,5,129,no_playoff,no,3,5,150,349331,1149847,1874336,2288609,151011,481293,763531,915821,37463,50034,55660,56823
st. louis cardinals_2009,3301.218,3343.252,91,86,0.939,90.92841,43975,4,128,lds,yes,3,2,160,349331,1149847,1874336,2288609,151011,481293,763531,915821,37463,50034,55660,56823
st. louis cardinals_2008,3343.252,3432.917,86,78,0.964,99.62445,43975,3,127,no_playoff,no,3,2,174,349331,1149847,1874336,2288609,151011,481293,763531,915821,37463,50034,55660,56823
st. louis cardinals_2007,3432.917,3552.18,78,83,0.997,90.28682,43975,2,126,no_playoff,no,3,1,141,349331,1149847,1874336,2288609,151011,481293,763531,915821,37463,50034,55660,56823
st. louis cardinals_2006,3552.18,3407.104,83,79,0.957,88.89137,43975,1,125,ws,yes,3,4,184,349331,1149847,1874336,2288609,151011,481293,763531,915821,37463,50034,55660,56823
arizona diamondbacks_2014,2080.145,2073.73,64,81,0.526,89.9265,48633,17,17,no_playoff,no,4,2,118,333628,1623989,2966936,3638832,111480,584055,1101346,1347220,34496,48814,56789,58628
arizona diamondbacks_2013,2073.73,2134.895,81,81,0.542,80.0605,48633,16,16,no_playoff,no,4,2,130,333628,1623989,2966936,3638832,111480,584055,1101346,1347220,34496,48814,56789,58628
arizona diamondbacks_2012,2134.895,2177.617,81,94,0.553,67.06983,48633,15,15,no_playoff,no,4,1,165,333628,1623989,2966936,3638832,111480,584055,1101346,1347220,34496,48814,56789,58628
arizona diamondbacks_2011,2177.617,2105.432,94,65,0.534,54.82317,48633,14,14,lds,yes,4,2,172,333628,1623989,2966936,3638832,111480,584055,1101346,1347220,34496,48814,56789,58628
arizona diamondbacks_2010,2105.432,2056.697,65,70,0.522,61.36817,48652,13,13,no_playoff,no,4,1,180,333628,1623989,2966936,3638832,111480,584055,1101346,1347220,34496,48814,56789,58628
arizona diamondbacks_2009,2056.697,2128.765,70,82,0.54,75.92067,48652,12,12,no_playoff,no,4,2,173,333628,1623989,2966936,3638832,111480,584055,1101346,1347220,34496,48814,56789,58628
arizona diamondbacks_2008,2128.765,2509.924,82,90,0.636,66.20271,48711,11,11,no_playoff,no,4,2,159,333628,1623989,2966936,3638832,111480,584055,1101346,1347220,34496,48814,56789,58628
arizona diamondbacks_2007,2509.924,2325.249,90,76,0.585,52.06755,49033,10,10,lcs,yes,4,3,171,333628,1623989,2966936,3638832,111480,584055,1101346,1347220,34496,48814,56789,58628
arizona diamondbacks_2006,2325.249,2091.685,76,68,0.527,59.98423,49033,9,9,no_playoff,no,4,1,160,333628,1623989,2966936,3638832,111480,584055,1101346,1347220,34496,48814,56789,58628
colorado rockies_2014,2506.789,2680.329,66,74,0.657,95.4035,50398,20,22,no_playoff,no,5,2,186,425709,1616336,2421149,2696160,190111,666296,971443,1073767,51543,61358,68737,69686
colorado rockies_2013,2680.329,2793.828,74,64,0.684,73.768,50398,19,21,no_playoff,no,5,3,159,425709,1616336,2421149,2696160,190111,666296,971443,1073767,51543,61358,68737,69686
colorado rockies_2012,2793.828,2630.458,64,73,0.644,75.485,50398,18,20,no_playoff,no,5,1,166,425709,1616336,2421149,2696160,190111,666296,971443,1073767,51543,61358,68737,69686
colorado rockies_2011,2630.458,2909.777,73,83,0.711,91.64807,50490,17,19,no_playoff,no,5,1,163,425709,1616336,2421149,2696160,190111,666296,971443,1073767,51543,61358,68737,69686
colorado rockies_2010,2909.777,2875.245,83,92,0.704,90.677,50445,16,18,no_playoff,no,5,2,173,425709,1616336,2421149,2696160,190111,666296,971443,1073767,51543,61358,68737,69686
colorado rockies_2009,2875.245,2665.08,92,74,0.652,79.2502,50445,15,17,lds,yes,5,2,190,425709,1616336,2421149,2696160,190111,666296,971443,1073767,51543,61358,68737,69686
colorado rockies_2008,2665.08,2650.218,74,90,0.649,68.6555,50445,14,16,no_playoff,no,5,2,160,425709,1616336,2421149,2696160,190111,666296,971443,1073767,51543,61358,68737,69686
colorado rockies_2007,2650.218,2376.25,90,76,0.582,54.041,50445,13,15,ws,yes,5,2,171,425709,1616336,2421149,2696160,190111,666296,971443,1073767,51543,61358,68737,69686
colorado rockies_2006,2376.25,2104.362,76,92,0.515,41.233,50445,12,14,no_playoff,no,5,2,157,425709,1616336,2421149,2696160,190111,666296,971443,1073767,51543,61358,68737,69686
los angeles dodgers_2014,3764.815,3782.337,94,92,0.834,230.8146,56000,53,57,lds,yes,7,4,134,1432317,5382413,8946070,11447433,483935,1797824,2925120,3706362,42446,53945,58234,64063
los angeles dodgers_2013,3782.337,3743.527,92,86,0.825,254.161,56000,52,56,lcs,yes,7,1,138,1432317,5382413,8946070,11447433,483935,1797824,2925120,3706362,42446,53945,58234,64063
los angeles dodgers_2012,3743.527,3324.246,86,82,0.733,177.0336,56000,51,55,no_playoff,no,7,2,116,1432317,5382413,8946070,11447433,483935,1797824,2925120,3706362,42446,53945,58234,64063
los angeles dodgers_2011,3324.246,2935.139,82,80,0.647,103.78548,56000,50,54,no_playoff,no,7,3,155,1432317,5382413,8946070,11447433,483935,1797824,2925120,3706362,42446,53945,58234,64063
los angeles dodgers_2010,2935.139,3562.32,80,95,0.785,95.35802,56000,49,53,no_playoff,no,7,4,155,1432317,5382413,8946070,11447433,483935,1797824,2925120,3706362,42446,53945,58234,64063
los angeles dodgers_2009,3562.32,3761.655,95,84,0.829,102.11759,56000,48,52,lcs,yes,7,3,173,1432317,5382413,8946070,11447433,483935,1797824,2925120,3706362,42446,53945,58234,64063
los angeles dodgers_2008,3761.655,3730.553,84,82,0.822,118.58854,56000,47,51,lcs,yes,7,1,159,1432317,5382413,8946070,11447433,483935,1797824,2925120,3706362,42446,53945,58234,64063
los angeles dodgers_2007,3730.553,3857.036,82,88,0.85,108.45452,56000,46,50,no_playoff,no,7,3,123,1432317,5382413,8946070,11447433,483935,1797824,2925120,3706362,42446,53945,58234,64063
los angeles dodgers_2006,3857.036,3758.545,88,74,0.829,98.44719,56000,45,49,lds,yes,7,2,159,1432317,5382413,8946070,11447433,483935,1797824,2925120,3706362,42446,53945,58234,64063
san diego padres_2014,2459.742,2195.373,77,76,0.641,76.6621,42302,11,46,no_playoff,no,2,2,109,535785,1659369,2186762,2625301,197648,589090,771848,923934,53330,63638,69108,67873
san diego padres_2013,2195.373,2166.691,76,76,0.629,65.9886,42524,10,45,no_playoff,no,2,1,146,535785,1659369,2186762,2625301,197648,589090,771848,923934,53330,63638,69108,67873
san diego padres_2012,2166.691,2123.721,76,71,0.614,55.4947,42691,9,44,no_playoff,no,2,1,121,535785,1659369,2186762,2625301,197648,589090,771848,923934,53330,63638,69108,67873
san diego padres_2011,2123.721,2143.018,71,90,0.62,45.86914,42691,8,43,no_playoff,no,2,1,91,535785,1659369,2186762,2625301,197648,589090,771848,923934,53330,63638,69108,67873
san diego padres_2010,2143.018,2131.774,90,75,0.616,37.7993,42691,7,42,no_playoff,no,2,2,132,535785,1659369,2186762,2625301,197648,589090,771848,923934,53330,63638,69108,67873
san diego padres_2009,2131.774,1919.603,75,63,0.555,50.9542,42691,6,41,no_playoff,no,2,2,141,535785,1659369,2186762,2625301,197648,589090,771848,923934,53330,63638,69108,67873
san diego padres_2008,1919.603,2427.535,63,89,0.702,73.67762,42691,5,40,no_playoff,no,2,1,154,535785,1659369,2186762,2625301,197648,589090,771848,923934,53330,63638,69108,67873
san diego padres_2007,2427.535,2790.074,89,88,0.812,58.11057,42445,4,39,no_playoff,no,2,3,171,535785,1659369,2186762,2625301,197648,589090,771848,923934,53330,63638,69108,67873
san diego padres_2006,2790.074,2659.757,88,84,0.774,69.89614,42445,3,38,lds,yes,2,1,161,535785,1659369,2186762,2625301,197648,589090,771848,923934,53330,63638,69108,67873
san francisco giants_2014,3375.882,3368.697,88,76,0.992,163.51017,41915,15,57,ws,yes,7,3,132,692890,1842768,2901411,4148934,300642,743390,1132734,1581674,78597,78079,81964,86317
san francisco giants_2013,3368.697,3369.106,76,94,0.992,139.84567,41915,14,56,no_playoff,no,7,4,107,692890,1842768,2901411,4148934,300642,743390,1132734,1581674,78597,78079,81964,86317
san francisco giants_2012,3369.106,3377.371,94,86,0.995,117.63735,41915,13,55,ws,yes,7,4,103,692890,1842768,2901411,4148934,300642,743390,1132734,1581674,78597,78079,81964,86317
san francisco giants_2011,3377.371,3387.303,86,92,0.998,124.19833,41915,12,54,no_playoff,no,7,5,121,692890,1842768,2901411,4148934,300642,743390,1132734,1581674,78597,78079,81964,86317
san francisco giants_2010,3387.303,3037.443,92,88,0.895,98.64133,41915,11,53,ws,yes,7,2,162,692890,1842768,2901411,4148934,300642,743390,1132734,1581674,78597,78079,81964,86317
san francisco giants_2009,3037.443,2862.11,88,72,0.843,85.44445,41915,10,52,no_playoff,no,7,2,122,692890,1842768,2901411,4148934,300642,743390,1132734,1581674,78597,78079,81964,86317
san francisco giants_2008,2862.11,2863.837,72,71,0.844,76.5945,41915,9,51,no_playoff,no,7,2,94,692890,1842768,2901411,4148934,300642,743390,1132734,1581674,78597,78079,81964,86317
san francisco giants_2007,2863.837,3223.215,71,76,0.949,90.21906,41915,8,50,no_playoff,no,7,1,131,692890,1842768,2901411,4148934,300642,743390,1132734,1581674,78597,78079,81964,86317
san francisco giants_2006,3223.215,3130.313,76,81,0.929,90.05642,41606,7,49,no_playoff,no,7,1,163,692890,1842768,2901411,4148934,300642,743390,1132734,1581674,78597,78079,81964,86317
baltimore orioles_2014,2281.202,2464.473,96,85,0.623,109.0975,48876,23,61,lcs,yes,2,3,211,172347,1031893,1951126,2991014,70449,397937,750143,1124586,40976,57267,69580,72912
baltimore orioles_2013,2464.473,2357.561,85,93,0.596,100.832,48876,22,60,no_playoff,no,2,5,212,172347,1031893,1951126,2991014,70449,397937,750143,1124586,40976,57267,69580,72912
baltimore orioles_2012,2357.561,2102.24,93,69,0.531,77.949,48876,21,59,lds,yes,2,3,214,172347,1031893,1951126,2991014,70449,397937,750143,1124586,40976,57267,69580,72912
baltimore orioles_2011,2102.24,1755.461,69,66,0.443,88.29904,48876,20,58,no_playoff,no,2,1,191,172347,1031893,1951126,2991014,70449,397937,750143,1124586,40976,57267,69580,72912
baltimore orioles_2010,1755.461,1733.019,66,64,0.438,81.6125,48876,19,57,no_playoff,no,2,1,133,172347,1031893,1951126,2991014,70449,397937,750143,1124586,40976,57267,69580,72912
baltimore orioles_2009,1733.019,1907.163,64,68,0.482,69.90417,48876,18,56,no_playoff,no,2,1,160,172347,1031893,1951126,2991014,70449,397937,750143,1124586,40976,57267,69580,72912
baltimore orioles_2008,1907.163,1950.075,68,69,0.493,67.19625,48876,17,55,no_playoff,no,2,1,172,172347,1031893,1951126,2991014,70449,397937,750143,1124586,40976,57267,69580,72912
baltimore orioles_2007,1950.075,2164.822,69,70,0.547,93.17481,48876,16,54,no_playoff,no,2,1,142,172347,1031893,1951126,2991014,70449,397937,750143,1124586,40976,57267,69580,72912
baltimore orioles_2006,2164.822,2153.139,70,78,0.544,72.58558,48876,15,53,no_playoff,no,2,1,164,172347,1031893,1951126,2991014,70449,397937,750143,1124586,40976,57267,69580,72912
boston red sox_2014,2880.694,2956.089,71,97,0.973,134.62893,37499,103,114,no_playoff,no,5,2,123,864957,1877799,2750499,3813601,351690,744724,1075347,1468518,67572,75119,77791,78257
boston red sox_2013,2956.089,2833.333,97,69,0.933,178.4205,37499,102,113,ws,yes,5,3,178,864957,1877799,2750499,3813601,351690,744724,1075347,1468518,67572,75119,77791,78257
boston red sox_2012,2833.333,3043.003,69,90,1.002,110.386,37495,101,112,no_playoff,no,5,1,165,864957,1877799,2750499,3813601,351690,744724,1075347,1468518,67572,75119,77791,78257
boston red sox_2011,3043.003,3054.001,90,89,1.006,166.66248,37493,100,111,no_playoff,no,5,6,203,864957,1877799,2750499,3813601,351690,744724,1075347,1468518,67572,75119,77791,78257
boston red sox_2010,3054.001,3046.445,89,95,1.006,164.50733,37402,99,110,no_playoff,no,5,6,211,864957,1877799,2750499,3813601,351690,744724,1075347,1468518,67572,75119,77791,78257
boston red sox_2009,3046.445,3062.699,95,95,1.011,125.4395,37400,98,109,lds,yes,5,6,212,864957,1877799,2750499,3813601,351690,744724,1075347,1468518,67572,75119,77791,78257
boston red sox_2008,3062.699,3048.25,95,96,1.007,133.39004,37373,97,108,lcs,yes,5,7,173,864957,1877799,2750499,3813601,351690,744724,1075347,1468518,67572,75119,77791,78257
boston red sox_2007,3048.25,2970.755,96,86,1.004,143.02621,36525,96,107,ws,yes,5,6,166,864957,1877799,2750499,3813601,351690,744724,1075347,1468518,67572,75119,77791,78257
boston red sox_2006,2970.755,2930.588,86,87,1.002,120.09982,36108,95,106,no_playoff,no,5,4,192,864957,1877799,2750499,3813601,351690,744724,1075347,1468518,67572,75119,77791,78257
new york yankees_2014,3193.795,3401.624,84,85,0.846,258.11896,49642,6,112,no_playoff,no,11,3,147,3081588,8185513,12555131,14786653,1203728,3104652,4610213,5393836,53868,62499,65906,70411
new york yankees_2013,3401.624,3279.589,85,95,0.805,246.53475,50291,5,111,no_playoff,no,11,2,144,3081588,8185513,12555131,14786653,1203728,3104652,4610213,5393836,53868,62499,65906,70411
new york yankees_2012,3279.589,3542.406,95,97,0.87,197.9779,50291,4,110,lcs,yes,11,4,245,3081588,8185513,12555131,14786653,1203728,3104652,4610213,5393836,53868,62499,65906,70411
new york yankees_2011,3542.406,3653.68,97,95,0.897,206.27503,50291,3,109,lds,yes,11,8,222,3081588,8185513,12555131,14786653,1203728,3104652,4610213,5393836,53868,62499,65906,70411
new york yankees_2010,3653.68,3765.807,95,103,0.925,210.73339,50287,2,108,lcs,yes,11,8,201,3081588,8185513,12555131,14786653,1203728,3104652,4610213,5393836,53868,62499,65906,70411
new york yankees_2009,3765.807,3719.358,103,89,0.913,210.33004,50287,1,107,ws,yes,11,3,244,3081588,8185513,12555131,14786653,1203728,3104652,4610213,5393836,53868,62499,65906,70411
new york yankees_2008,3719.358,4298.655,89,94,0.932,212.28679,56936,93,106,no_playoff,no,11,3,180,3081588,8185513,12555131,14786653,1203728,3104652,4610213,5393836,53868,62499,65906,70411
new york yankees_2007,4298.655,4271.083,94,97,0.926,207.03905,56936,92,105,lds,yes,11,3,201,3081588,8185513,12555131,14786653,1203728,3104652,4610213,5393836,53868,62499,65906,70411
new york yankees_2006,4271.083,4248.067,97,80,0.921,194.66308,56936,91,104,lds,yes,11,4,210,3081588,8185513,12555131,14786653,1203728,3104652,4610213,5393836,53868,62499,65906,70411
tampa bay rays_2014,1287.054,1446.464,77,92,0.575,77.8143,31042,25,17,no_playoff,no,3,1,117,221281,455797,1119922,1968423,93931,198319,475711,817746,45071,46372,45596,49146
tampa bay rays_2013,1446.464,1510.3,92,90,0.547,71.1635,34078,24,16,lds,yes,3,2,165,221281,455797,1119922,1968423,93931,198319,475711,817746,45071,46372,45596,49146
tampa bay rays_2012,1510.3,1559.681,90,91,0.565,63.3687,34078,23,15,no_playoff,no,3,2,175,221281,455797,1119922,1968423,93931,198319,475711,817746,45071,46372,45596,49146
tampa bay rays_2011,1559.681,1529.188,91,96,0.554,41.05357,34078,22,14,lds,yes,3,3,172,221281,455797,1119922,1968423,93931,198319,475711,817746,45071,46372,45596,49146
tampa bay rays_2010,1529.188,1864.999,96,84,0.623,71.92347,36973,21,13,lds,yes,3,4,160,221281,455797,1119922,1968423,93931,198319,475711,817746,45071,46372,45596,49146
tampa bay rays_2009,1864.999,1874.962,84,97,0.626,67.27033,36973,20,12,no_playoff,no,3,5,199,221281,455797,1119922,1968423,93931,198319,475711,817746,45071,46372,45596,49146
tampa bay rays_2008,1874.962,1811.986,97,66,0.621,44.9706,36048,19,11,ws,yes,3,3,180,221281,455797,1119922,1968423,93931,198319,475711,817746,45071,46372,45596,49146
tampa bay devil rays_2007,1811.986,1387.603,66,61,0.446,24.1235,38437,18,10,no_playoff,no,3,1,187,221281,455797,1119922,1968423,93931,198319,475711,817746,45071,46372,45596,49146
tampa bay devil rays_2006,1387.603,1368.95,61,93,0.386,34.91797,43772,17,9,no_playoff,no,3,1,190,221281,455797,1119922,1968423,93931,198319,475711,817746,45071,46372,45596,49146
toronto blue jays_2014,2794.891,2375.525,83,74,0.595,136.4662,49282,26,38,no_playoff,no,6,3,177,575591,1641198,2642265,3653665,264369,631368,982622,1356608,68110,68110,68110,68110
toronto blue jays_2013,2375.525,2536.562,74,73,0.635,124.5178,49282,25,37,no_playoff,no,6,4,185,575591,1641198,2642265,3653665,264369,631368,982622,1356608,68110,68110,68110,68110
toronto blue jays_2012,2536.562,2099.663,73,81,0.526,82.3527,49260,24,36,no_playoff,no,6,1,198,575591,1641198,2642265,3653665,264369,631368,982622,1356608,68110,68110,68110,68110
toronto blue jays_2011,2099.663,1818.103,81,85,0.456,64.5678,49260,23,35,no_playoff,no,6,2,186,575591,1641198,2642265,3653665,264369,631368,982622,1356608,68110,68110,68110,68110
toronto blue jays_2010,1818.103,1495.482,85,75,0.373,62.734,49539,22,34,no_playoff,no,6,3,257,575591,1641198,2642265,3653665,264369,631368,982622,1356608,68110,68110,68110,68110
toronto blue jays_2009,1495.482,1876.129,75,86,0.468,83.9645,49539,21,33,no_playoff,no,6,2,209,575591,1641198,2642265,3653665,264369,631368,982622,1356608,68110,68110,68110,68110
toronto blue jays_2008,1876.129,2399.786,86,83,0.606,97.7939,48900,20,32,no_playoff,no,6,1,126,575591,1641198,2642265,3653665,264369,631368,982622,1356608,68110,68110,68110,68110
toronto blue jays_2007,2399.786,2360.644,83,87,0.576,81.9428,50598,19,31,no_playoff,no,6,1,165,575591,1641198,2642265,3653665,264369,631368,982622,1356608,68110,68110,68110,68110
toronto blue jays_2006,2360.644,2302.212,87,76,0.562,71.365,50598,18,30,no_playoff,no,6,5,199,575591,1641198,2642265,3653665,264369,631368,982622,1356608,68110,68110,68110,68110
chicago white sox_2014,1755.81,1650.821,73,63,0.502,87.4755,40615,24,115,no_playoff,no,6,3,155,992495,3475713,5222103,6786557,391171,1299957,1944765,2511388,45286,50448,57537,62172
chicago white sox_2013,1650.821,1768.413,63,85,0.538,81.4019,40615,23,114,no_playoff,no,6,2,148,992495,3475713,5222103,6786557,391171,1299957,1944765,2511388,45286,50448,57537,62172
chicago white sox_2012,1768.413,1965.955,85,79,0.598,118.208,40615,22,113,no_playoff,no,6,4,211,992495,3475713,5222103,6786557,391171,1299957,1944765,2511388,45286,50448,57537,62172
chicago white sox_2011,1965.955,2001.117,79,88,0.608,127.789,40615,21,112,no_playoff,no,6,2,154,992495,3475713,5222103,6786557,391171,1299957,1944765,2511388,45286,50448,57537,62172
chicago white sox_2010,2001.117,2194.378,88,79,0.667,107.195,40615,20,111,no_playoff,no,6,2,177,992495,3475713,5222103,6786557,391171,1299957,1944765,2511388,45286,50448,57537,62172
chicago white sox_2009,2194.378,2284.163,79,89,0.694,101.081,40615,19,110,no_playoff,no,6,1,184,992495,3475713,5222103,6786557,391171,1299957,1944765,2511388,45286,50448,57537,62172
chicago white sox_2008,2284.163,2500.648,89,72,0.76,121.18933,40615,18,109,lds,yes,6,2,235,992495,3475713,5222103,6786557,391171,1299957,1944765,2511388,45286,50448,57537,62172
chicago white sox_2007,2500.648,2684.395,72,90,0.816,108.67183,40615,17,108,no_playoff,no,6,1,190,992495,3475713,5222103,6786557,391171,1299957,1944765,2511388,45286,50448,57537,62172
chicago white sox_2006,2684.395,2957.414,90,81,0.899,102.75067,40615,16,107,no_playoff,no,6,7,236,992495,3475713,5222103,6786557,391171,1299957,1944765,2511388,45286,50448,57537,62172
cleveland indians_2014,1388.905,1437.393,85,92,0.418,73.5094,42487,21,114,no_playoff,no,3,1,142,363957,1142241,1700746,2365425,153710,481509,704626,968038,31944,45395,50048,49391
cleveland indians_2013,1437.393,1572.926,92,68,0.429,87.34243,45241,20,113,lds,yes,3,2,171,363957,1142241,1700746,2365425,153710,481509,704626,968038,31944,45395,50048,49391
cleveland indians_2012,1572.926,1603.596,68,80,0.456,78.9113,43429,19,112,no_playoff,no,3,2,136,363957,1142241,1700746,2365425,153710,481509,704626,968038,31944,45395,50048,49391
cleveland indians_2011,1603.596,1840.835,80,69,0.523,49.42657,43441,18,111,no_playoff,no,3,2,154,363957,1142241,1700746,2365425,153710,481509,704626,968038,31944,45395,50048,49391
cleveland indians_2010,1840.835,1391.644,69,65,0.377,61.20397,45569,17,110,no_playoff,no,3,1,128,363957,1142241,1700746,2365425,153710,481509,704626,968038,31944,45395,50048,49391
cleveland indians_2009,1391.644,1766.242,65,81,0.482,85.22487,45199,16,109,no_playoff,no,3,1,161,363957,1142241,1700746,2365425,153710,481509,704626,968038,31944,45395,50048,49391
cleveland indians_2008,1766.242,2169.76,81,96,0.62,78.97007,43199,15,108,no_playoff,no,3,2,171,363957,1142241,1700746,2365425,153710,481509,704626,968038,31944,45395,50048,49391
cleveland indians_2007,2169.76,2275.912,96,78,0.647,61.67327,43415,14,107,lcs,yes,3,3,178,363957,1142241,1700746,2365425,153710,481509,704626,968038,31944,45395,50048,49391
cleveland indians_2006,2275.912,1997.995,78,74,0.568,56.0315,43415,13,106,no_playoff,no,3,1,196,363957,1142241,1700746,2365425,153710,481509,704626,968038,31944,45395,50048,49391
detroit tigers_2014,2726.048,2917.209,90,93,0.864,169.1355,41681,15,121,lds,yes,4,4,155,342642,1638734,2742156,3623326,123316,621246,1063760,1404318,24819,40628,48700,52093
detroit tigers_2013,2917.209,3083.397,93,88,0.923,154.407,41255,14,120,lcs,yes,4,6,176,342642,1638734,2742156,3623326,123316,621246,1063760,1404318,24819,40628,48700,52093
detroit tigers_2012,3083.397,3028.033,88,95,0.906,131.394,41255,13,119,ws,yes,4,3,163,342642,1638734,2742156,3623326,123316,621246,1063760,1404318,24819,40628,48700,52093
detroit tigers_2011,3028.033,2642.045,95,81,0.791,106.87523,41255,12,118,lcs,yes,4,5,169,342642,1638734,2742156,3623326,123316,621246,1063760,1404318,24819,40628,48700,52093
detroit tigers_2010,2642.045,2461.237,81,86,0.737,124.03993,41255,11,117,no_playoff,no,4,3,152,342642,1638734,2742156,3623326,123316,621246,1063760,1404318,24819,40628,48700,52093
detroit tigers_2009,2461.237,2567.165,86,74,0.768,119.51015,41255,10,116,no_playoff,no,4,4,183,342642,1638734,2742156,3623326,123316,621246,1063760,1404318,24819,40628,48700,52093
detroit tigers_2008,2567.165,3202.645,74,88,0.946,138.7852,41782,9,115,no_playoff,no,4,1,200,342642,1638734,2742156,3623326,123316,621246,1063760,1404318,24819,40628,48700,52093
detroit tigers_2007,3202.645,3047.133,88,95,0.916,95.18037,41070,8,114,no_playoff,no,4,5,177,342642,1638734,2742156,3623326,123316,621246,1063760,1404318,24819,40628,48700,52093
detroit tigers_2006,3047.133,2595.937,95,95,0.78,82.61287,41070,7,113,ws,yes,4,3,203,342642,1638734,2742156,3623326,123316,621246,1063760,1404318,24819,40628,48700,52093
kansas city royals_2014,2708.549,1956.482,89,86,0.637,89.80408,37903,42,46,ws,yes,3,3,95,190851,925739,1541135,1760408,77619,379044,617707,695978,36677,51200,58214,58703
kansas city royals_2013,1956.482,1750.754,86,72,0.57,87.42625,37903,41,45,no_playoff,no,3,3,112,190851,925739,1541135,1760408,77619,379044,617707,695978,36677,51200,58214,58703
kansas city royals_2012,1750.754,1739.859,72,71,0.567,61.74708,37903,40,44,no_playoff,no,3,1,131,190851,925739,1541135,1760408,77619,379044,617707,695978,36677,51200,58214,58703
kansas city royals_2011,1739.859,1724.45,71,67,0.562,35.712,37903,39,43,no_playoff,no,3,1,95,190851,925739,1541135,1760408,77619,379044,617707,695978,36677,51200,58214,58703
kansas city royals_2010,1724.45,1615.327,67,65,0.526,73.10521,37903,38,42,no_playoff,no,3,1,108,190851,925739,1541135,1760408,77619,379044,617707,695978,36677,51200,58214,58703
kansas city royals_2009,1615.327,1797.891,65,75,0.586,76.81733,37903,37,41,no_playoff,no,3,1,142,190851,925739,1541135,1760408,77619,379044,617707,695978,36677,51200,58214,58703
kansas city royals_2008,1797.891,1578.922,75,69,0.476,59.4455,40933,36,40,no_playoff,no,3,1,167,190851,925739,1541135,1760408,77619,379044,617707,695978,36677,51200,58214,58703
kansas city royals_2007,1578.922,1616.867,69,62,0.488,67.6915,40933,35,39,no_playoff,no,3,1,167,190851,925739,1541135,1760408,77619,379044,617707,695978,36677,51200,58214,58703
kansas city royals_2006,1616.867,1372.638,62,83,0.414,47.694,40933,34,38,no_playoff,no,3,1,174,190851,925739,1541135,1760408,77619,379044,617707,695978,36677,51200,58214,58703
minnesota twins_2014,2220.054,2250.606,70,66,0.712,87.044,39021,6,54,no_playoff,no,4,2,128,508604,1636141,2467729,2786693,220094,683910,993779,1109009,58555,62777,68050,68842
minnesota twins_2013,2250.606,2477.644,66,66,0.784,63.0425,39021,5,53,no_playoff,no,4,2,151,508604,1636141,2467729,2786693,220094,683910,993779,1109009,58555,62777,68050,68842
minnesota twins_2012,2477.644,2776.354,66,63,0.868,99.066,39504,4,52,no_playoff,no,4,1,131,508604,1636141,2467729,2786693,220094,683910,993779,1109009,58555,62777,68050,68842
minnesota twins_2011,2776.354,3168.116,63,94,0.99,112.737,39504,3,51,no_playoff,no,4,1,103,508604,1636141,2467729,2786693,220094,683910,993779,1109009,58555,62777,68050,68842
minnesota twins_2010,3168.116,3223.64,94,87,1.007,97.55917,39504,2,50,lds,yes,4,2,142,508604,1636141,2467729,2786693,220094,683910,993779,1109009,58555,62777,68050,68842
minnesota twins_2009,3223.64,2416.237,87,88,0.755,67.80427,39504,1,49,lds,yes,4,3,172,508604,1636141,2467729,2786693,220094,683910,993779,1109009,58555,62777,68050,68842
minnesota twins_2008,2416.237,2302.431,88,79,0.61,56.93277,46564,34,48,no_playoff,no,4,3,111,508604,1636141,2467729,2786693,220094,683910,993779,1109009,58555,62777,68050,68842
minnesota twins_2007,2302.431,2296.383,79,96,0.609,71.4395,46564,33,47,no_playoff,no,4,3,118,508604,1636141,2467729,2786693,220094,683910,993779,1109009,58555,62777,68050,68842
minnesota twins_2006,2296.383,2285.018,96,86,0.606,63.39601,46564,32,46,lds,yes,4,3,143,508604,1636141,2467729,2786693,220094,683910,993779,1109009,58555,62777,68050,68842
houston astros_2014,2153.585,1751.829,70,51,0.514,44.7368,42060,15,53,no_playoff,no,4,1,163,521308,2286908,4115339,5089019,203139,812333,1443046,1779834,56213,52144,60563,61650
houston astros_2013,1751.829,1651.883,51,55,0.485,14.6723,42060,14,52,no_playoff,no,4,1,148,521308,2286908,4115339,5089019,203139,812333,1443046,1779834,56213,52144,60563,61650
houston astros_2012,1651.883,1607.733,55,56,0.484,37.651,40981,13,51,no_playoff,no,4,1,146,521308,2286908,4115339,5089019,203139,812333,1443046,1779834,56213,52144,60563,61650
houston astros_2011,1607.733,2067.016,56,76,0.623,71.1105,40963,12,50,no_playoff,no,4,1,149,521308,2286908,4115339,5089019,203139,812333,1443046,1779834,56213,52144,60563,61650
houston astros_2010,2067.016,2331.49,76,74,0.702,93.216,40976,11,49,no_playoff,no,4,1,152,521308,2286908,4115339,5089019,203139,812333,1443046,1779834,56213,52144,60563,61650
houston astros_2009,2331.49,2521.076,74,86,0.76,105.80441,40976,10,48,no_playoff,no,4,2,159,521308,2286908,4115339,5089019,203139,812333,1443046,1779834,56213,52144,60563,61650
houston astros_2008,2521.076,2779.487,86,73,0.837,87.94681,40976,9,47,no_playoff,no,4,2,208,521308,2286908,4115339,5089019,203139,812333,1443046,1779834,56213,52144,60563,61650
houston astros_2007,2779.487,3020.405,73,82,0.91,87.759,40976,8,46,no_playoff,no,4,2,201,521308,2286908,4115339,5089019,203139,812333,1443046,1779834,56213,52144,60563,61650
houston astros_2006,3020.405,3022.763,82,85,0.911,100.89444,40976,7,45,no_playoff,no,4,2,182,521308,2286908,4115339,5089019,203139,812333,1443046,1779834,56213,52144,60563,61650
los angeles angels of anaheim_2014,3012.765,3095.935,98,78,0.84,128.667,45483,49,49,lds,yes,7,2,155,854947,2970338,6832797,11065420,231508,923130,2071580,3557076,63121,73269,64525,64057
los angeles angels of anaheim_2013,3095.935,3019.505,78,89,0.82,116.5325,45483,48,48,no_playoff,no,7,1,164,854947,2970338,6832797,11065420,231508,923130,2071580,3557076,63121,73269,64525,64057
los angeles angels of anaheim_2012,3019.505,3061.77,89,86,0.822,140.581,45957,47,47,no_playoff,no,7,4,187,854947,2970338,6832797,11065420,231508,923130,2071580,3557076,63121,73269,64525,64057
los angeles angels of anaheim_2011,3061.77,3166.321,86,80,0.861,138.54317,45389,46,46,no_playoff,no,7,3,129,854947,2970338,6832797,11065420,231508,923130,2071580,3557076,63121,73269,64525,64057
los angeles angels of anaheim_2010,3166.321,3250.814,80,97,0.884,104.96387,45389,45,45,no_playoff,no,7,2,121,854947,2970338,6832797,11065420,231508,923130,2071580,3557076,63121,73269,64525,64057
los angeles angels of anaheim_2009,3250.814,3240.386,97,100,0.883,118.169,45281,44,44,lcs,yes,7,3,144,854947,2970338,6832797,11065420,231508,923130,2071580,3557076,63121,73269,64525,64057
los angeles angels of anaheim_2008,3240.386,3336.747,100,94,0.91,119.21633,45281,43,43,lds,yes,7,3,120,854947,2970338,6832797,11065420,231508,923130,2071580,3557076,63121,73269,64525,64057
los angeles angels of anaheim_2007,3336.747,3365.632,94,89,0.918,109.25133,45262,42,42,lds,yes,7,3,102,854947,2970338,6832797,11065420,231508,923130,2071580,3557076,63121,73269,64525,64057
los angeles angels of anaheim_2006,3365.632,3406.79,89,68,0.929,103.472,45262,41,41,no_playoff,no,7,1,124,854947,2970338,6832797,11065420,231508,923130,2071580,3557076,63121,73269,64525,64057
oakland athletics_2014,1768.175,2003.628,88,96,0.705,89.1609,35067,49,47,lds,yes,7,6,146,450828,1502183,3313334,5004880,169660,594448,1257839,1863006,58953,75638,84694,86979
oakland athletics_2013,2003.628,1809.302,96,94,0.637,69.44,35067,48,46,lds,yes,7,2,186,450828,1502183,3313334,5004880,169660,594448,1257839,1863006,58953,75638,84694,86979
oakland athletics_2012,1809.302,1679.013,94,74,0.591,61.2025,35067,47,45,lds,yes,7,1,195,450828,1502183,3313334,5004880,169660,594448,1257839,1863006,58953,75638,84694,86979
oakland athletics_2011,1679.013,1476.791,74,81,0.52,67.094,35067,46,44,no_playoff,no,7,1,114,450828,1502183,3313334,5004880,169660,594448,1257839,1863006,58953,75638,84694,86979
oakland athletics_2010,1476.791,1418.391,81,75,0.499,57.9049,35067,45,43,no_playoff,no,7,2,109,450828,1502183,3313334,5004880,169660,594448,1257839,1863006,58953,75638,84694,86979
oakland athletics_2009,1418.391,1408.783,75,75,0.496,65.945,35067,44,42,no_playoff,no,7,1,135,450828,1502183,3313334,5004880,169660,594448,1257839,1863006,58953,75638,84694,86979
oakland athletics_2008,1408.783,1665.256,75,76,0.586,47.96713,35067,43,41,no_playoff,no,7,1,125,450828,1502183,3313334,5004880,169660,594448,1257839,1863006,58953,75638,84694,86979
oakland athletics_2007,1665.256,1921.844,76,93,0.696,79.36694,34077,42,40,no_playoff,no,7,1,171,450828,1502183,3313334,5004880,169660,594448,1257839,1863006,58953,75638,84694,86979
oakland athletics_2006,1921.844,1976.625,93,76,0.716,64.84308,34077,41,39,lcs,yes,7,1,175,450828,1502183,3313334,5004880,169660,594448,1257839,1863006,58953,75638,84694,86979
seattle mariners_2014,2193.581,2064.334,87,71,0.537,95.471,47476,16,38,no_playoff,no,3,4,136,457624,1298049,2144235,2843748,218657,565237,887806,1157243,70476,75462,76037,72795
seattle mariners_2013,2064.334,1761.546,71,75,0.458,78.887,47476,15,37,no_playoff,no,3,2,188,457624,1298049,2144235,2843748,218657,565237,887806,1157243,70476,75462,76037,72795
seattle mariners_2012,1761.546,1721.92,75,67,0.444,78.2356,47860,14,36,no_playoff,no,3,1,149,457624,1298049,2144235,2843748,218657,565237,887806,1157243,70476,75462,76037,72795
seattle mariners_2011,1721.92,1896.321,67,61,0.489,86.1106,47878,13,35,no_playoff,no,3,3,109,457624,1298049,2144235,2843748,218657,565237,887806,1157243,70476,75462,76037,72795
seattle mariners_2010,1896.321,2085.63,61,85,0.538,86.51,47878,12,34,no_playoff,no,3,2,101,457624,1298049,2144235,2843748,218657,565237,887806,1157243,70476,75462,76037,72795
seattle mariners_2009,2085.63,2195.533,85,61,0.566,100.13417,47878,11,33,no_playoff,no,3,2,160,457624,1298049,2144235,2843748,218657,565237,887806,1157243,70476,75462,76037,72795
seattle mariners_2008,2195.533,2329.702,61,88,0.606,117.66648,47447,10,32,no_playoff,no,3,1,124,457624,1298049,2144235,2843748,218657,565237,887806,1157243,70476,75462,76037,72795
seattle mariners_2007,2329.702,2672.223,88,78,0.695,106.46083,47447,9,31,no_playoff,no,3,2,153,457624,1298049,2144235,2843748,218657,565237,887806,1157243,70476,75462,76037,72795
seattle mariners_2006,2672.223,2481.165,78,88,0.646,87.95983,47447,8,30,no_playoff,no,3,2,172,457624,1298049,2144235,2843748,218657,565237,887806,1157243,70476,75462,76037,72795
texas rangers_2014,2491.875,2718.733,67,91,0.698,129.80124,48114,21,43,no_playoff,no,5,2,111,248757,1351208,3300935,4657013,94981,486114,1213570,1716654,45418,53355,58764,61800
texas rangers_2013,2718.733,3178.273,91,93,0.816,139.2612,48114,20,42,no_playoff,no,5,3,176,248757,1351208,3300935,4657013,94981,486114,1213570,1716654,45418,53355,58764,61800
texas rangers_2012,3178.273,3460.28,93,96,0.886,124.1199,48194,19,41,lds,yes,5,8,200,248757,1351208,3300935,4657013,94981,486114,1213570,1716654,45418,53355,58764,61800
texas rangers_2011,3460.28,2946.949,96,90,0.74,93.79926,49170,18,40,ws,yes,5,5,210,248757,1351208,3300935,4657013,94981,486114,1213570,1716654,45418,53355,58764,61800
texas rangers_2010,2946.949,2505.171,90,87,0.629,56.47437,49170,17,39,ws,yes,5,5,162,248757,1351208,3300935,4657013,94981,486114,1213570,1716654,45418,53355,58764,61800
texas rangers_2009,2505.171,2156.016,87,79,0.541,79.72355,49170,16,38,no_playoff,no,5,3,224,248757,1351208,3300935,4657013,94981,486114,1213570,1716654,45418,53355,58764,61800
texas rangers_2008,2156.016,1945.677,79,75,0.491,68.03733,48911,15,37,no_playoff,no,5,4,194,248757,1351208,3300935,4657013,94981,486114,1213570,1716654,45418,53355,58764,61800
texas rangers_2007,1945.677,2353.862,75,80,0.594,68.64368,48911,14,36,no_playoff,no,5,1,179,248757,1351208,3300935,4657013,94981,486114,1213570,1716654,45418,53355,58764,61800
texas rangers_2006,2353.862,2388.757,80,79,0.603,68.22866,48911,13,35,no_playoff,no,5,2,183,248757,1351208,3300935,4657013,94981,486114,1213570,1716654,45418,53355,58764,61800
